{"cameraMode":{"drawMode":0,"name":"Shaded","section":"Shading Mode"},"sceneLighting":false,"audioPlay":false,"sceneViewState":{"showFog":true,"showMaterialUpdate":false,"showSkybox":false,"showFlares":true,"showImageEffects":true,"showParticleSystems":true,"showVisualEffectGraphs":true,"m_FxEnabled":true},"in2DMode":false,"pivot":{"x":0.21119441092014314,"y":0.8486664891242981,"z":-0.061589837074279788},"rotation":{"x":-0.11376078426837921,"y":0.8681266903877258,"z":-0.2349780797958374,"w":-0.4221600890159607},"size":1.4426155090332032,"orthographic":false}