{"cameraMode":{"drawMode":0,"name":"Shaded","section":"Shading Mode"},"sceneLighting":false,"audioPlay":false,"sceneViewState":{"showFog":true,"showMaterialUpdate":false,"showSkybox":false,"showFlares":true,"showImageEffects":true,"showParticleSystems":true,"showVisualEffectGraphs":true,"m_FxEnabled":true},"in2DMode":false,"pivot":{"x":0.05474996566772461,"y":0.8168371915817261,"z":0.21684379875659944},"rotation":{"x":-0.15993252396583558,"y":-0.011128089390695095,"z":0.0013585543492808939,"w":-0.9870748519897461},"size":1.1191515922546387,"orthographic":false}