{"cameraMode":{"drawMode":0,"name":"Shaded","section":"Shading Mode"},"sceneLighting":false,"audioPlay":false,"sceneViewState":{"showFog":true,"showMaterialUpdate":false,"showSkybox":false,"showFlares":true,"showImageEffects":true,"showParticleSystems":true,"showVisualEffectGraphs":true,"m_FxEnabled":true},"in2DMode":false,"pivot":{"x":-1.742900013923645,"y":1.273800015449524,"z":0.43779999017715456},"rotation":{"x":-0.30416783690452578,"y":0.017772501334547998,"z":-0.006136180367320776,"w":-0.9524451494216919},"size":0.25980761647224429,"orthographic":false}