{"cameraMode":{"drawMode":0,"name":"Shaded","section":"Shading Mode"},"sceneLighting":false,"audioPlay":false,"sceneViewState":{"showFog":true,"showMaterialUpdate":false,"showSkybox":false,"showFlares":true,"showImageEffects":true,"showParticleSystems":true,"showVisualEffectGraphs":true,"m_FxEnabled":true},"in2DMode":false,"pivot":{"x":0.07843229919672013,"y":0.29772305488586428,"z":0.18830657005310059},"rotation":{"x":-0.21888528764247895,"y":0.03423821181058884,"z":-0.007685390301048756,"w":-0.9751204252243042},"size":0.8660253882408142,"orthographic":false}