{"cameraMode":{"drawMode":0,"name":"Shaded","section":"Shading Mode"},"sceneLighting":false,"audioPlay":false,"sceneViewState":{"showFog":true,"showMaterialUpdate":false,"showSkybox":false,"showFlares":true,"showImageEffects":true,"showParticleSystems":true,"showVisualEffectGraphs":true,"m_FxEnabled":true},"in2DMode":false,"pivot":{"x":0.009048700332641602,"y":1.409716248512268,"z":0.055091142654418948},"rotation":{"x":0.027304476127028467,"y":0.9335236549377441,"z":-0.0715174451470375,"w":0.35028377175331118},"size":0.4971123933792114,"orthographic":false}