{"cameraMode":{"drawMode":0,"name":"Shaded","section":"Shading Mode"},"sceneLighting":false,"audioPlay":false,"sceneViewState":{"showFog":true,"showMaterialUpdate":false,"showSkybox":false,"showFlares":true,"showImageEffects":true,"showParticleSystems":true,"showVisualEffectGraphs":true,"m_FxEnabled":true},"in2DMode":false,"pivot":{"x":0.06084173917770386,"y":0.9470862150192261,"z":0.10146307945251465},"rotation":{"x":0.0056374152190983299,"y":0.9947761297225952,"z":-0.07634461671113968,"w":0.06771939992904663},"size":1.3724510669708253,"orthographic":false}