{"cameraMode":{"drawMode":0,"name":"Shaded","section":"Shading Mode"},"sceneLighting":true,"audioPlay":false,"sceneViewState":{"showFog":true,"showMaterialUpdate":false,"showSkybox":true,"showFlares":true,"showImageEffects":true,"showParticleSystems":true,"showVisualEffectGraphs":true,"m_FxEnabled":true},"in2DMode":false,"pivot":{"x":0.3765765428543091,"y":1.378185749053955,"z":0.05651664733886719},"rotation":{"x":-0.15993252396583558,"y":-0.011128089390695095,"z":0.0013585543492808939,"w":-0.9870748519897461},"size":9.764182090759278,"orthographic":false}