{"cameraMode":{"drawMode":0,"name":"Shaded","section":"Shading Mode"},"sceneLighting":true,"audioPlay":false,"sceneViewState":{"showFog":true,"showMaterialUpdate":false,"showSkybox":true,"showFlares":true,"showImageEffects":true,"showParticleSystems":true,"showVisualEffectGraphs":true,"m_FxEnabled":true},"in2DMode":false,"pivot":{"x":-0.8308897018432617,"y":0.6674284934997559,"z":-0.7017641067504883},"rotation":{"x":-0.30416783690452578,"y":0.017772501334547998,"z":-0.006136180367320776,"w":-0.9524451494216919},"size":5.966026306152344,"orthographic":false}